advance-decision-to-refuse-treatment	PASS
advance-statement-about-care	PASS
agile-checklist	PASS
allergy-assessment	PASS
anesthesiology-assessment	PASS
asthma-assessment	PASS
attention-deficit-assessment	PASS
audio-vestibular-assessment	PASS
audiology-assessment	PASS
autism-assessment	PASS
birth-control-assessment	PASS
blood-donation-assessment	PASS
bone-marrow-donation-assessment	PASS
cardiology-assessment	PASS
cardiopulmonary-resuscitation-training	PASS
care-privacy-notice	PASS
casualty-card-form	PASS
code-of-conduct-notice	PASS
cognitive-assessment	PASS
consent-to-treatment	PASS
contraception-assessment	PASS
dental-assessment	PASS
dermatology-assessment	PASS
diabetes-assessment	PASS
dyslexia-assessment	PASS
emergency-medical-technician-psychomotor-examination	PASS
employee-offboarding-checklist	PASS
employee-onboarding-checklist	PASS
employee-satisfaction-survey	PASS
encounter-satisfaction	PASS
endocrinology-assessment	PASS
endometriosis-assessment	PASS
ergonomic-assessment	PASS
fall-risk-assessment	PASS
fertility-assessment	PASS
first-aid-training-checklist	PASS
first-responder-assessment	PASS
framingham-risk-score-for-hard-coronary-heart-disease	PASS
gastroenterology-assessment	PASS
genetic-assessment	PASS
genetics-assessment	PASS
gerontology-assessment	PASS
gynecology-assessment	PASS
hearing-aid-assessment	PASS
heart-health-check	PASS
hematology-assessment	PASS
hormone-replacement-therapy-assessment	PASS
hospital-discharge	PASS
integumentary-assessment	PASS
international-patient-summary	PASS
issue-tracker	PASS
kinesiology-assessment	PASS
learning-disability-assessment	PASS
legal-requirements-privacy-notice	PASS
lifeguard-certification-checklist	PASS
mast-cell-activation-syndrome-assessment	PASS
medical-error-report	PASS
medical-information-form-for-air-travel	PASS
medical-language-speaking-assessment-for-cymraeg	PASS
medical-language-speaking-assessment-for-english	PASS
medical-records-release-permission	PASS
medical-waiting-list-card	FAIL
mental-health-assessment	PASS
mobility-assessment	PASS
neurology-assessment	PASS
nutrition-assessment	PASS
obstetrics-assessment	PASS
occupational-therapy-assessment	PASS
oncology-assessment	PASS
ophthalmology-assessment	PASS
organ-donation-assessment	PASS
orthopedic-assessment	PASS
otolaryngology-assessment	PASS
outpatient-outcome	PASS
palliative-assessment	PASS
patient-intake	PASS
patient-satisfaction-survey	PASS
pediatric-assessment	PASS
plastic-surgery-assessment	PASS
post-operative-report	PASS
post-traumatic-stress-assessment	PASS
pre-operative-assessment-by-patient	PASS
predicting-risk-of-cardiovascular-disease-events	PASS
prenatal-assessment	PASS
prescription-request	PASS
provider-transfer-request	PASS
psychiatry-assessment	PASS
psychology-assessment	PASS
pulmonology-assessment	PASS
renal-assessment	PASS
research-and-planning-privacy-notice	PASS
respirology-assessment	PASS
rheumatology-assessment	PASS
screening-program-privacy-notice	PASS
seasonal-affective-disorder-assessment	PASS
semaglutide-assessment	PASS
sleep-quality-assessment	PASS
sports-medicine-assessment	PASS
stroke-assessment	PASS
substance-abuse-assessment	PASS
sundowner-syndrome-assessment	PASS
systematic-coronary-risk-evaluation-2-diabetes	PASS
united-kingdom-driver-and-vehicle-licensing-agency-b1-form	PASS
united-kingdom-driver-and-vehicle-licensing-agency-m1-form	PASS
united-kingdom-driver-and-vehicle-licensing-agency-v1-form	PASS
united-kingdom-maternity-certificate-mat-b1	PASS
united-kingdom-nhs-england-medical-exemption-certificate	PASS
united-kingdom-statement-of-fitness-for-work	PASS
urology-assessment	PASS
vaccinations-assessment	PASS
vaccinations-checklist	PASS
who-acute-referral-form	PASS
who-counter-referral-form	PASS
who-emergency-first-aid-form	PASS
who-emergency-unit-general-form	PASS
who-emergency-unit-trauma-form	PASS
who-prehospital-form	PASS
who-surgical-safety-checklist	PASS
workplace-climate-assessment	PASS
workplace-safety-assessment	PASS
workplace-stress-assessment	PASS
