advance-decision-to-refuse-treatment	advance_decision_to_refuse_treatment	AdvanceDecisionToRefuseTreatment
advance-statement-about-care	advance_statement_about_care	AdvanceStatementAboutCare
agile-checklist	agile_checklist	AgileChecklist
allergy-assessment	allergy_assessment	AllergyAssessment
anesthesiology-assessment	anesthesiology_assessment	AnesthesiologyAssessment
architecture-decision-record	architecture_decision_record	ArchitectureDecisionRecord
asthma-assessment	asthma_assessment	AsthmaAssessment
attention-deficit-assessment	attention_deficit_assessment	AttentionDeficitAssessment
audio-vestibular-assessment	audio_vestibular_assessment	AudioVestibularAssessment
audiology-assessment	audiology_assessment	AudiologyAssessment
autism-assessment	autism_assessment	AutismAssessment
birth-control-assessment	birth_control_assessment	BirthControlAssessment
blood-donation-assessment	blood_donation_assessment	BloodDonationAssessment
bone-marrow-donation-assessment	bone_marrow_donation_assessment	BoneMarrowDonationAssessment
cardiology-assessment	cardiology_assessment	CardiologyAssessment
cardiopulmonary-resuscitation-training	cardiopulmonary_resuscitation_training	CardiopulmonaryResuscitationTraining
care-privacy-notice	care_privacy_notice	CarePrivacyNotice
casualty-card-form	casualty_card_form	CasualtyCardForm
code-of-conduct-notice	code_of_conduct_notice	CodeOfConductNotice
cognitive-assessment	cognitive_assessment	CognitiveAssessment
consent-to-treatment	consent_to_treatment	ConsentToTreatment
contraception-assessment	contraception_assessment	ContraceptionAssessment
dental-assessment	dental_assessment	DentalAssessment
dermatology-assessment	dermatology_assessment	DermatologyAssessment
diabetes-assessment	diabetes_assessment	DiabetesAssessment
dyslexia-assessment	dyslexia_assessment	DyslexiaAssessment
emergency-medical-technician-psychomotor-examination	emergency_medical_technician_psychomotor_examination	EmergencyMedicalTechnicianPsychomotorExamination
employee-offboarding-checklist	employee_offboarding_checklist	EmployeeOffboardingChecklist
employee-onboarding-checklist	employee_onboarding_checklist	EmployeeOnboardingChecklist
employee-satisfaction-survey	employee_satisfaction_survey	EmployeeSatisfactionSurvey
encounter-satisfaction	encounter_satisfaction	EncounterSatisfaction
endocrinology-assessment	endocrinology_assessment	EndocrinologyAssessment
endometriosis-assessment	endometriosis_assessment	EndometriosisAssessment
ergonomic-assessment	ergonomic_assessment	ErgonomicAssessment
fall-risk-assessment	fall_risk_assessment	FallRiskAssessment
fertility-assessment	fertility_assessment	FertilityAssessment
first-aid-training-checklist	first_aid_training_checklist	FirstAidTrainingChecklist
first-responder-assessment	first_responder_assessment	FirstResponderAssessment
framingham-risk-score-for-hard-coronary-heart-disease	framingham_risk_score_for_hard_coronary_heart_disease	FraminghamRiskScoreForHardCoronaryHeartDisease
gastroenterology-assessment	gastroenterology_assessment	GastroenterologyAssessment
genetic-assessment	genetic_assessment	GeneticAssessment
genetics-assessment	genetics_assessment	GeneticsAssessment
gerontology-assessment	gerontology_assessment	GerontologyAssessment
gynecology-assessment	gynecology_assessment	GynecologyAssessment
hearing-aid-assessment	hearing_aid_assessment	HearingAidAssessment
heart-health-check	heart_health_check	HeartHealthCheck
hematology-assessment	hematology_assessment	HematologyAssessment
hormone-replacement-therapy-assessment	hormone_replacement_therapy_assessment	HormoneReplacementTherapyAssessment
hospital-discharge	hospital_discharge	HospitalDischarge
integumentary-assessment	integumentary_assessment	IntegumentaryAssessment
international-patient-summary	international_patient_summary	InternationalPatientSummary
issue-tracker	issue_tracker	IssueTracker
kinesiology-assessment	kinesiology_assessment	KinesiologyAssessment
learning-disability-assessment	learning_disability_assessment	LearningDisabilityAssessment
legal-requirements-privacy-notice	legal_requirements_privacy_notice	LegalRequirementsPrivacyNotice
lifeguard-certification-checklist	lifeguard_certification_checklist	LifeguardCertificationChecklist
mast-cell-activation-syndrome-assessment	mast_cell_activation_syndrome_assessment	MastCellActivationSyndromeAssessment
medical-error-report	medical_error_report	MedicalErrorReport
medical-information-form-for-air-travel	medical_information_form_for_air_travel	MedicalInformationFormForAirTravel
medical-language-speaking-assessment-for-cymraeg	medical_language_speaking_assessment_for_cymraeg	MedicalLanguageSpeakingAssessmentForCymraeg
medical-language-speaking-assessment-for-english	medical_language_speaking_assessment_for_english	MedicalLanguageSpeakingAssessmentForEnglish
medical-records-release-permission	medical_records_release_permission	MedicalRecordsReleasePermission
mental-health-assessment	mental_health_assessment	MentalHealthAssessment
mobility-assessment	mobility_assessment	MobilityAssessment
neurology-assessment	neurology_assessment	NeurologyAssessment
nutrition-assessment	nutrition_assessment	NutritionAssessment
obstetrics-assessment	obstetrics_assessment	ObstetricsAssessment
occupational-therapy-assessment	occupational_therapy_assessment	OccupationalTherapyAssessment
oncology-assessment	oncology_assessment	OncologyAssessment
ophthalmology-assessment	ophthalmology_assessment	OphthalmologyAssessment
organ-donation-assessment	organ_donation_assessment	OrganDonationAssessment
orthopedic-assessment	orthopedic_assessment	OrthopedicAssessment
otolaryngology-assessment	otolaryngology_assessment	OtolaryngologyAssessment
outpatient-outcome	outpatient_outcome	OutpatientOutcome
palliative-assessment	palliative_assessment	PalliativeAssessment
patient-intake	patient_intake	PatientIntake
patient-satisfaction-survey	patient_satisfaction_survey	PatientSatisfactionSurvey
pediatric-assessment	pediatric_assessment	PediatricAssessment
plastic-surgery-assessment	plastic_surgery_assessment	PlasticSurgeryAssessment
post-operative-report	post_operative_report	PostOperativeReport
post-traumatic-stress-assessment	post_traumatic_stress_assessment	PostTraumaticStressAssessment
pre-operative-assessment-by-clinician	pre_operative_assessment_by_clinician	PreOperativeAssessmentByClinician
pre-operative-assessment-by-patient	pre_operative_assessment_by_patient	PreOperativeAssessmentByPatient
predicting-risk-of-cardiovascular-disease-events	predicting_risk_of_cardiovascular_disease_events	PredictingRiskOfCardiovascularDiseaseEvents
prenatal-assessment	prenatal_assessment	PrenatalAssessment
prescription-request	prescription_request	PrescriptionRequest
provider-transfer-request	provider_transfer_request	ProviderTransferRequest
psychology-assessment	psychology_assessment	PsychologyAssessment
psychiatry-assessment	psychiatry_assessment	PsychiatryAssessment
pulmonology-assessment	pulmonology_assessment	PulmonologyAssessment
renal-assessment	renal_assessment	RenalAssessment
research-and-planning-privacy-notice	research_and_planning_privacy_notice	ResearchAndPlanningPrivacyNotice
respirology-assessment	respirology_assessment	RespirologyAssessment
rheumatology-assessment	rheumatology_assessment	RheumatologyAssessment
screening-program-privacy-notice	screening_program_privacy_notice	ScreeningProgramPrivacyNotice
seasonal-affective-disorder-assessment	seasonal_affective_disorder_assessment	SeasonalAffectiveDisorderAssessment
semaglutide-assessment	semaglutide_assessment	SemaglutideAssessment
sleep-quality-assessment	sleep_quality_assessment	SleepQualityAssessment
sports-medicine-assessment	sports_medicine_assessment	SportsMedicineAssessment
stroke-assessment	stroke_assessment	StrokeAssessment
substance-abuse-assessment	substance_abuse_assessment	SubstanceAbuseAssessment
sundowner-syndrome-assessment	sundowner_syndrome_assessment	SundownerSyndromeAssessment
systematic-coronary-risk-evaluation-2-diabetes	systematic_coronary_risk_evaluation_2_diabetes	SystematicCoronaryRiskEvaluation2-diabetes
united-kingdom-driver-and-vehicle-licensing-agency-b1-form	united_kingdom_driver_and_vehicle_licensing_agency_b1_form	UnitedKingdomDriverAndVehicleLicensingAgencyB1Form
united-kingdom-driver-and-vehicle-licensing-agency-m1-form	united_kingdom_driver_and_vehicle_licensing_agency_m1_form	UnitedKingdomDriverAndVehicleLicensingAgencyM1Form
united-kingdom-driver-and-vehicle-licensing-agency-v1-form	united_kingdom_driver_and_vehicle_licensing_agency_v1_form	UnitedKingdomDriverAndVehicleLicensingAgencyV1Form
united-kingdom-maternity-certificate-mat-b1	united_kingdom_maternity_certificate_mat_b1	UnitedKingdomMaternityCertificateMatB1
united-kingdom-nhs-england-medical-exemption-certificate	united_kingdom_nhs_england_medical_exemption_certificate	UnitedKingdomNhsEnglandMedicalExemptionCertificate
united-kingdom-statement-of-fitness-for-work	united_kingdom_statement_of_fitness_for_work	UnitedKingdomStatementOfFitnessForWork
urology-assessment	urology_assessment	UrologyAssessment
vaccinations-assessment	vaccinations_assessment	VaccinationsAssessment
vaccinations-checklist	vaccinations_checklist	VaccinationsChecklist
who-acute-referral-form	who_acute_referral_form	WhoAcuteReferralForm
who-counter-referral-form	who_counter_referral_form	WhoCounterReferralForm
who-emergency-first-aid-form	who_emergency_first_aid_form	WhoEmergencyFirstAidForm
who-emergency-unit-general-form	who_emergency_unit_general_form	WhoEmergencyUnitGeneralForm
who-emergency-unit-trauma-form	who_emergency_unit_trauma_form	WhoEmergencyUnitTraumaForm
who-prehospital-form	who_prehospital_form	WhoPrehospitalForm
who-surgical-safety-checklist	who_surgical_safety_checklist	WhoSurgicalSafetyChecklist
workplace-climate-assessment	workplace_climate_assessment	WorkplaceClimateAssessment
workplace-safety-assessment	workplace_safety_assessment	WorkplaceSafetyAssessment
workplace-stress-assessment	workplace_stress_assessment	WorkplaceStressAssessment
